"timestamp","tid","price","amount","type"
1466328644,19924256,752.99,0.02976914,"sell"
1466328645,19924258,752.99,0.12261477,"sell"
1466328648,19924262,752.99,0.12261477,"sell"
1466328651,19924274,752.99,0.12283587,"sell"
1466328652,19924280,752.99,0.12283587,"sell"
1466328652,19924286,752.99,0.12283587,"sell"
1466328659,19924306,753,0.21386237,"sell"
1466328659,19924308,753,0.02080048,"sell"
1466328663,19924324,753.01,0.21319289,"sell"
1466328663,19924326,753.01,0.02080048,"sell"
1466328663,19924328,753.01,0.08033933,"sell"
1466328663,19924330,753.01,0.02073537,"sell"
1466328681,19924418,753.11,0.490153,"sell"
1466328681,19924420,753.04,9.4886,"sell"
1466328681,19924422,753,0.326,"sell"
1466328701,19924448,753,1,"buy"
1466328735,19924462,753,0.4,"buy"
1466328753,19924484,752.99,0.10042773,"sell"
1466328754,19924486,752.74,9.435,"sell"
1466328754,19924488,752.99,7.53657901,"sell"
1466328754,19924490,752.71,10.4022,"sell"
1466328754,19924492,752.73,5,"sell"
1466328754,19924494,752.45,9.7123,"sell"
1466328754,19924496,752.41,8.2,"sell"
1466328754,19924498,751.81,10.1157,"sell"
1466328754,19924500,752.09,9.5783,"sell"
1466328754,19924502,751.52,2.265,"sell"
1466328754,19924504,752.63,0.2,"sell"
1466328754,19924506,751.52,2.504,"sell"
1466328754,19924508,752.43,1.49,"sell"
1466328754,19924510,751.47,4.39321736,"sell"
1466328754,19924512,751.46,0.1,"sell"
1466328754,19924514,751.28,4.39321736,"sell"
1466328754,19924516,751.51,10.145,"sell"
1466328754,19924518,751.25,8.35,"sell"
1466328754,19924520,751.25,6.53,"sell"
1466328754,19924522,751.06,4.39335139,"sell"
1466328754,19924524,751.24,9.9189,"sell"
1466328754,19924526,751,0.01,"sell"
1466328754,19924528,750.58,9.250868,"sell"
1466328754,19924530,750.91,9.9562,"sell"
1466328754,19924532,751,1,"sell"
1466328754,19924534,750.55,10,"sell"
1466328754,19924536,750.68,4.39233294,"sell"
1466328754,19924538,750.5,0.01,"sell"
1466328754,19924540,750.81,4.39335139,"sell"
1466328754,19924542,750.56,2.385,"sell"
1466328754,19924544,750.5,0.52437229,"buy"
1466328776,19924566,751.83,3,"sell"
1466328776,19924568,752,0.427,"sell"
1466328776,19924570,751.84,0.5,"sell"
1466328776,19924572,751.23,0.0534,"sell"
1466328776,19924574,751.6,6,"sell"
1466328776,19924576,751.99,0.1,"sell"
1466328776,19924578,751.23,2.57721435,"sell"
1466328776,19924580,751.23,0.9246,"sell"
1466328776,19924582,751.24,9.9196,"sell"
1466328776,19924584,751.23,0.885,"sell"
1466328789,19924590,751.24,0.252687,"sell"
1466328789,19924592,751.2,0.247313,"sell"
1466328795,19924612,751.52,4.81806973,"sell"
1466328802,19924628,751.52,0.23523929,"sell"
1466328802,19924630,751.52,0.15089944,"sell"
1466328804,19924632,751.53,2.7346,"buy"
1466328809,19924634,752.62,0.1,"buy"
1466328831,19924638,751.58,0.1303637,"sell"
1466328893,19924652,752.3,0.277518,"buy"
1466328896,19924654,752.3,0.263936,"buy"
1466328933,19924674,752.3,0.01439419,"buy"
1466328935,19924676,752.3,0.05,"buy"
1466328963,19924686,752.3,0.01177575,"buy"
1466329023,19924688,752.2,0.07320019,"sell"
1466329091,19924692,752.21,3,"sell"
1466329091,19924694,752.21,0.5,"sell"
1466329091,19924696,752.21,0.428,"sell"
1466329091,19924698,752.21,1.072,"sell"
1466329113,19924700,752.2,1,"sell"
1466329126,19924702,752.3,0.578734,"buy"
1466329131,19924704,752.3,0.316289,"buy"
1466329143,19924706,752.3,0.14377049,"buy"
1466329193,19924708,752.3,0.427,"buy"
1466329211,19924712,752.3,4.5,"buy"
1466329217,19924828,752.3,0.326,"buy"
1466329218,19924832,752.3,1,"buy"
1466329221,19924834,752.29,0.06669711,"sell"
1466329225,19924836,752.3,5,"buy"
1466329228,19924838,752.3,5,"buy"
1466329230,19924840,752.3,0.326,"buy"
1466329246,19924846,752.3,0.326,"buy"
1466329249,19924848,752.29,0.15923866,"sell"
1466329251,19924852,752.29,0.23571854,"sell"
1466329251,19924864,752.29,0.0320428,"sell"
1466329252,19924868,752.23,0.15952581,"sell"
1466329252,19924872,752.23,0.23616259,"sell"
1466329268,19924874,752.22,0.01866816,"sell"
1466329286,19924876,752.26,0.0665,"buy"
1466329350,19924892,752.26,0.03741714,"buy"
1466329383,19924900,752.26,1,"buy"
1466329384,19924902,752.25,0.13694365,"sell"
1466329384,19924904,752.25,0.2,"sell"
1466329563,19924906,752.26,0.01833555,"buy"
1466329574,19924914,752.24,0.08289791,"sell"
1466329574,19924916,752.25,0.06305635,"sell"
1466329594,19924926,752.27,0.01178714,"buy"
1466329631,19924938,752.27,0.01,"buy"
1466329654,19924946,752.26,0.03306395,"sell"
1466329654,19924948,752.26,0.08826722,"sell"
1466329654,19924956,752.26,0.084893,"sell"
1466329659,19924958,752.26,0.03301775,"sell"
1466329679,19924966,752.29,0.09488301,"buy"
1466329679,19924968,752.29,0.08186813,"buy"
1466329679,19924970,752.27,0.47821286,"buy"
1466329683,19924998,752.26,0.09601807,"sell"
1466329685,19925006,752.26,0.09601807,"sell"
1466329685,19925008,752.26,0.09601807,"sell"
1466329705,19925010,752.29,0.04505768,"buy"
1466329745,19925020,753,0.54250147,"sell"
1466329775,19925028,753.11,0.5,"sell"
1466329775,19925030,753.1,3,"sell"
1466329775,19925032,753.01,0.326,"sell"
1466329775,19925034,753.09,6,"sell"
1466329775,19925036,753,8.33409853,"sell"
1466329775,19925038,753.05,0.427,"sell"
1466329803,19925052,752.74,0.23472595,"sell"
1466329807,19925056,753,0.01,"buy"
1466329815,19925058,753,0.0478,"buy"
1466329818,19925060,753,0.01,"buy"
1466329842,19925138,753,0.5,"buy"
1466329851,19925156,753,150,"buy"
1466329898,19925190,753,0.505703,"buy"
1466329925,19925204,752.87,0.107824,"sell"
1466329942,19925206,752.98,0.10211449,"sell"
1466330033,19925236,753,0.1,"buy"
1466330113,19925250,752.81,0.01617525,"sell"
1466330118,19925252,753,0.306889,"buy"
1466330133,19925262,753,0.01569074,"buy"
1466330144,19925266,753,3.554,"buy"
1466330155,19925268,752.84,0.016,"sell"
1466330163,19925278,753,0.0183072,"buy"
1466330172,19925286,752.85,0.0266186,"sell"
1466330174,19925290,752.86,0.016,"sell"
1466330193,19925304,752.69,0.03248378,"sell"
1466330193,19925306,752.8,0.181,"sell"
1466330193,19925308,752.72,0.06226151,"sell"
1466330193,19925310,753,0.01176415,"buy"
1466330214,19925348,753,0.01,"buy"
1466330223,19925350,752.72,0.016,"sell"
1466330223,19925352,752.71,0.04823766,"sell"
1466330223,19925354,753,0.01437584,"buy"
1466330236,19925378,753,0.01,"buy"
1466330242,19925380,753,0.01,"buy"
1466330304,19925422,752.72,0.120686,"sell"
1466330305,19925438,752.72,0.21821758,"sell"
1466330307,19925444,752.72,0.01,"buy"
1466330309,19925468,752.69,0.300924,"sell"
1466330309,19925470,752.68,2.65197935,"sell"
1466330309,19925480,752.68,0.09434491,"sell"
1466330311,19925488,752.68,0.17744594,"sell"
1466330312,19925496,752.69,0.300924,"buy"
1466330312,19925498,752.69,0.126076,"buy"
1466330314,19925508,752.68,0.23629668,"sell"
1466330317,19925534,752.73,0.01096576,"sell"
1466330330,19925556,752.73,0.011,"sell"
1466330344,19925602,752.73,0.24036395,"sell"
1466330345,19925612,752.73,0.24038257,"sell"
1466330350,19925624,752.74,0.22579473,"sell"
1466330351,19925646,752.44,0.02292428,"sell"
1466330351,19925650,752.73,0.00234672,"sell"
1466330351,19925660,752.74,0.20120527,"sell"
1466330370,19925678,753,0.56034886,"buy"
1466330371,19925680,752.41,0.07866854,"sell"
1466330384,19925730,752.3,0.20581778,"sell"
1466330387,19925772,752.26,0.01974493,"sell"
1466330391,19925798,752.26,0.20554064,"sell"
1466330394,19925806,752.29,0.01,"buy"
1466330394,19925808,752.26,0.01716162,"sell"
1466330395,19925820,752.29,0.03433515,"buy"
1466330395,19925822,752.3,0.12119368,"buy"
1466330397,19925834,752.31,0.01716162,"sell"
1466330397,19925840,752.31,0.03441175,"sell"
1466330397,19925842,752.31,0.03433515,"sell"
1466330399,19925854,752.31,0.01716162,"sell"
1466330403,19925872,752.31,0.01716048,"sell"
1466330406,19925906,752.31,0.01716048,"sell"
1466330409,19925920,752.31,0.01716048,"sell"
1466330409,19925922,752.31,0.03433422,"sell"
1466330410,19925924,752.31,0.23779589,"sell"
1466330410,19925932,752.31,0.03433422,"sell"
1466330411,19925942,752.31,0.02426626,"sell"
1466330412,19925948,752.31,0.03433423,"sell"
1466330412,19925950,752.31,0.01716048,"sell"
1466330415,19925980,752.31,0.03433423,"sell"
1466330418,19926002,752.31,0.03433424,"sell"
1466330419,19926026,752.31,0.03433424,"sell"
1466330421,19926042,752.31,0.03433424,"sell"
1466330427,19926092,752.31,0.03433424,"sell"
1466330431,19926106,752.31,0.23754505,"sell"
1466330436,19926130,752.31,0.03433424,"sell"
1466330437,19926142,752.31,0.03433424,"sell"
1466330438,19926156,752.31,0.03433424,"sell"
1466330440,19926168,752.31,0.1693622,"sell"
1466330440,19926170,752.31,0.23762334,"sell"
1466330441,19926178,752.31,0.23780413,"sell"
1466330442,19926188,752.31,0.23780413,"sell"
1466330443,19926198,752.31,0.23780413,"sell"
1466330444,19926206,752.31,0.23780413,"sell"
1466330445,19926220,752.31,0.03433424,"sell"
1466330446,19926228,752.31,0.03455862,"sell"
1466330446,19926236,752.31,0.23721568,"sell"
1466330446,19926242,752.31,0.03440947,"sell"
1466330447,19926254,752.31,0.03433424,"sell"
1466330448,19926256,752.31,0.52347617,"sell"
1466330449,19926264,752.31,0.01382731,"sell"
1466330450,19926268,752.31,0.21821393,"sell"
1466330457,19926280,752.31,0.01288895,"sell"
1466330463,19926288,752.32,0.01847936,"buy"
1466330493,19926310,752.31,0.01384792,"sell"
1466330495,19926318,752.31,0.01384792,"sell"
1466330524,19926326,752.32,4.46278254,"buy"
1466330524,19926328,752.32,0.01741964,"buy"
1466330524,19926332,752.35,0.0434,"buy"
1466330524,19926334,752.5,0.08688479,"sell"
1466330526,19926342,752.5,0.01387398,"sell"
1466330528,19926352,752.51,0.01387291,"sell"
1466330528,19926366,752.51,0.01387398,"sell"
1466330528,19926370,752.51,2.74865916,"sell"
1466330528,19926372,752.51,0.22359395,"sell"
1466330528,19926374,752.51,0.01452156,"sell"
1466330533,19926396,752.5,0.22649,"sell"
1466330533,19926398,752.5,0.23848043,"sell"
1466330533,19926400,752.5,0.23805223,"sell"
1466330534,19926402,752.5,0.23805432,"sell"
1466330535,19926406,752.5,0.23805539,"sell"
1466330535,19926408,752.5,0.23805539,"sell"
1466330536,19926420,752.5,0.23805432,"sell"
1466330537,19926424,752.5,0.23805539,"sell"
1466330538,19926434,752.5,0.23805539,"sell"
1466330539,19926442,752.5,0.23805432,"sell"
1466330544,19926450,752.5,0.01560322,"sell"
1466330546,19926458,752.51,0.012,"sell"
1466330547,19926478,752.5,0.23848252,"sell"
1466330549,19926482,752.5,0.23848252,"sell"
1466330552,19926486,752.5,0.21593782,"sell"
1466330552,19926496,752.5,0.0281658,"sell"
1466330553,19926502,752.5,0.0281658,"sell"
1466330553,19926504,752.5,0.02821658,"sell"
1466330555,19926508,752.5,0.0282215,"sell"
1466330555,19926514,752.5,0.0282215,"sell"
1466330553,19926516,752.5,0.21636376,"sell"
1466330556,19926518,752.5,0.21636376,"sell"
1466330557,19926538,752.5,0.0282215,"sell"
1466330557,19926542,752.5,0.03563113,"sell"
1466330557,19926546,752.5,0.0281658,"sell"
1466330566,19926560,752.5,0.08611054,"sell"
1466330566,19926566,752.5,0.01123194,"sell"
1466330566,19926572,752.5,0.04886626,"sell"
1466330567,19926582,752.5,0.08613336,"sell"
1466330568,19926584,752.5,0.04886626,"sell"
1466330568,19926586,752.5,0.01123194,"sell"
1466330568,19926588,752.5,0.08611054,"sell"
1466330569,19926600,752.5,0.06910765,"sell"
1466330569,19926608,752.5,0.09734356,"sell"
1466330570,19926616,752.5,0.08611161,"sell"
1466330570,19926618,752.5,0.15197154,"sell"
1466330570,19926622,752.5,0.186326,"sell"
1466330572,19926634,752.5,0.08611161,"sell"
1466330573,19926638,752.5,0.01733703,"sell"
1466330577,19926648,752.51,0.0276,"sell"
1466330577,19926650,752.5,0.159094,"sell"
1466330642,19926664,752.5,0.1399999,"sell"
1466330643,19926666,752.31,0.0346309,"sell"
1466330645,19926676,752.31,0.172304,"sell"
1466330645,19926678,752.31,0.1653691,"sell"
1466330650,19926682,752.2,0.01,"sell"
1466330663,19926716,752.22,0.01833555,"sell"
1466330663,19926720,752.21,0.15642623,"sell"
1466330663,19926724,752.21,0.17490268,"sell"
1466330673,19926770,752.23,0.05159574,"sell"
1466330674,19926774,752.23,0.05159574,"sell"
1466330695,19926794,752.25,0.5288506,"sell"
1466330700,19926808,752.25,0.17448913,"sell"
1466330703,19926814,752.25,0.0391585,"sell"
1466330703,19926816,752.25,0.23802707,"sell"
1466330703,19926820,752.26,0.29392052,"buy"
1466330703,19926822,752.25,0.174146,"sell"
1466330704,19926826,752.25,0.23835361,"sell"
1466330705,19926842,752.25,0.23848255,"sell"
1466330706,19926846,752.25,0.23848255,"sell"
1466330707,19926852,752.25,0.02623619,"sell"
1466330708,19926854,752.25,0.23835361,"sell"
1466330709,19926860,752.25,0.23848255,"sell"
1466330710,19926870,752.25,0.23802709,"sell"
1466330711,19926876,752.26,0.028,"buy"
1466330711,19926882,752.25,0.23848255,"sell"
1466330711,19926884,752.25,0.03050531,"sell"
1466330712,19926886,752.25,0.23835361,"sell"
1466330713,19926896,752.25,0.23848255,"sell"
1466330714,19926916,752.25,0.23939253,"sell"
1466330714,19926918,752.25,0.23848255,"sell"
1466330715,19926934,752.25,0.23802709,"sell"
1466330715,19926942,752.25,0.02910018,"sell"
1466330716,19926948,752.25,0.23848255,"sell"
1466330716,19926954,752.25,0.23848255,"sell"
1466330717,19926958,752.25,0.23802709,"sell"
1466330718,19926976,752.25,0.23848255,"sell"
1466330719,19926980,752.25,0.02956816,"sell"
1466330720,19926986,752.25,0.23835361,"sell"
1466330720,19926994,752.25,0.2381345,"sell"
1466330721,19927008,752.24,0.1857653,"sell"
1466330721,19927014,752.24,0.23891259,"sell"
1466330721,19927016,752.24,0.04903379,"sell"
1466330721,19927022,752.24,0.00232211,"sell"
1466330722,19927026,752.2,0.2384984,"sell"
1466330724,19927040,752.2,0.2384984,"sell"
1466330730,19927058,752.21,0.03918014,"sell"
1466330730,19927060,752.21,0.1857653,"sell"
1466330731,19927062,752.22,0.048,"buy"
1466330732,19927066,752.21,0.05013256,"sell"
1466330733,19927076,752.21,0.23811455,"sell"
1466330733,19927086,752.21,0.05013257,"sell"
1466330733,19927092,752.21,0.04808719,"sell"
1466330733,19927094,752.21,0.05013257,"sell"
1466330733,19927096,752.21,0.23849986,"sell"
1466330733,19927102,752.21,0.05013257,"sell"
1466330734,19927112,752.21,0.05027149,"sell"
1466330734,19927114,752.21,0.0262507,"sell"
1466330734,19927116,752.22,1.677206,"buy"
1466330735,19927132,752.21,0.23849523,"sell"
1466330735,19927136,752.21,0.05023676,"sell"
1466330737,19927156,752.21,0.23803975,"sell"
1466330737,19927164,752.21,0.18651723,"sell"
1466330737,19927174,752.21,0.23849523,"sell"
1466330738,19927178,752.21,0.23892529,"sell"
1466330740,19927200,752.2,0.1489632,"sell"
1466330740,19927204,752.2,0.18666314,"sell"
1466330741,19927206,752.2,0.1489632,"sell"
1466330741,19927212,752.2,0.23849523,"sell"
1466330744,19927222,752.2,0.20762563,"sell"
1466330744,19927224,752.2,0.23832445,"sell"
1466330745,19927228,752.2,0.2384984,"sell"
1466330745,19927236,752.2,0.2384984,"sell"
1466330745,19927242,752.2,0.23804291,"sell"
1466330746,19927246,752.2,0.23883422,"sell"
1466330746,19927250,752.2,0.23896342,"sell"
1466330746,19927252,752.2,0.23818516,"sell"
1466330746,19927262,752.2,0.23896342,"sell"
1466330747,19927274,752.2,0.23804291,"sell"
1466330747,19927280,752.2,0.0391976,"sell"
1466330748,19927284,752.2,0.23847216,"sell"
1466330748,19927296,752.2,0.2384984,"sell"
1466330749,19927304,752.2,0.05213615,"sell"
1466330749,19927310,752.2,0.2384984,"sell"
1466330750,19927314,752.2,0.16316843,"sell"
1466330750,19927322,752.2,0.2380429,"sell"
1466330750,19927326,752.2,0.23853328,"sell"
1466330750,19927328,752.2,0.2384984,"sell"
1466330750,19927332,752.2,0.23853328,"sell"
1466330751,19927336,752.2,0.05202802,"sell"
1466330751,19927348,752.2,0.1042723,"sell"
1466330752,19927362,752.2,0.2380429,"sell"
1466330752,19927366,752.2,0.0262624,"sell"
1466330752,19927368,752.2,0.13443453,"sell"
1466330753,19927392,752.2,0.13396581,"sell"
1466330753,19927398,752.2,0.07605436,"sell"
1466330753,19927400,752.2,0.04842496,"sell"
1466330753,19927404,752.2,0.01,"sell"
1466330753,19927406,752.2,0.13447932,"sell"
1466330753,19927408,752.2,0.2384984,"sell"
1466330754,19927430,752.09,0.20090874,"sell"
1466330754,19927434,752.2,0.00559732,"sell"
1466330755,19927444,752.09,0.2382318,"sell"
1466330757,19927460,752.09,0.16667924,"sell"
1466330757,19927462,752.09,0.10707221,"sell"
1466330763,19927496,752.09,0.10672597,"sell"
1466330764,19927498,752.09,0.14053771,"sell"
1466330764,19927500,752.09,0.14056909,"sell"
1466330769,19927522,752.09,0.19451382,"sell"
1466330770,19927524,752.09,0.03,"sell"
1466330782,19927548,752.09,0.23807773,"sell"
1466330783,19927556,752.09,0.01833626,"sell"
1466330783,19927566,752.09,0.14057801,"sell"
1466330783,19927568,752.09,0.03,"sell"
1466330783,19927572,752.09,0.23853328,"sell"
1466330784,19927576,752.09,0.23853328,"sell"
1466330785,19927580,752.09,0.23853327,"sell"
1466330785,19927584,752.09,0.23853328,"sell"
1466330786,19927588,752.09,0.04231546,"sell"
1466330786,19927594,752.09,0.23718656,"sell"
1466330786,19927598,752.09,0.23853328,"sell"
1466330787,19927608,752.09,0.23853328,"sell"
1466330788,19927616,752.09,0.23840432,"sell"
1466330790,19927626,752.09,0.02834825,"sell"
1466330790,19927628,752.09,0.23853328,"sell"
1466330790,19927638,752.09,0.23896342,"sell"
1466330792,19927644,752.09,0.23828712,"sell"
1466330792,19927652,752.09,0.23840432,"sell"
1466330793,19927658,752.09,0.23807773,"sell"
1466330793,19927664,752.09,0.23883422,"sell"
1466330793,19927670,752.09,0.03296522,"sell"
1466330794,19927676,752.09,0.27461826,"sell"
1466330798,19927690,752.08,0.0471957,"sell"
1466330802,19927696,751.85,0.23395634,"sell"
1466330807,19927708,751.85,0.04576905,"sell"
1466330808,19927724,751.85,0.14661755,"sell"
1466330808,19927728,751.85,0.01912402,"sell"
1466330809,19927732,751.85,0.14687744,"sell"
1466330809,19927738,751.85,0.01915792,"sell"
1466330809,19927742,751.85,0.14703046,"sell"
1466330810,19927748,751.85,0.01915792,"sell"
1466330811,19927754,751.85,0.04873557,"sell"
1466330812,19927760,751.85,0.04874209,"sell"
1466330813,19927772,751.85,0.01532827,"sell"
1466330814,19927774,752.02,0.01,"buy"
1466330814,19927776,751.85,0.04887239,"sell"
1466330815,19927782,751.85,0.01533706,"sell"
1466330815,19927790,751.85,0.01533828,"sell"
1466330816,19927804,751.85,0.01537105,"sell"
1466330816,19927808,751.85,0.01534338,"sell"
1466330816,19927810,751.85,0.01533706,"sell"
1466330817,19927814,751.85,0.01533828,"sell"
1466330817,19927818,751.85,0.02578769,"sell"
1466330817,19927828,751.85,0.01533828,"sell"
1466330818,19927834,751.85,0.02577706,"sell"
1466330818,19927838,751.85,0.01539664,"sell"
1466330818,19927842,751.85,0.0153465,"sell"
1466330818,19927844,751.85,0.01537417,"sell"
1466330818,19927850,751.85,0.01536893,"sell"
1466330820,19927868,751.85,0.02578769,"sell"
1466330821,19927878,751.85,0.0265232,"sell"
1466330821,19927886,751.85,0.0265648,"sell"
1466330822,19927888,751.85,0.02657279,"sell"
1466330822,19927890,751.85,0.02652603,"sell"
1466330822,19927892,751.85,0.02657386,"sell"
1466330822,19927896,751.19,8.7256,"sell"
1466330822,19927898,751.85,0.0265232,"sell"
1466330822,19927902,751.8,0.310971,"sell"
1466330822,19927904,751.52,8.8048,"sell"
1466330822,19927906,751.2,15.9178,"sell"
1466330822,19927908,751.85,7.35060503,"sell"
1466330823,19927916,751.1,0.119391,"buy"
1466330828,19927928,751.07,0.173,"buy"
1466330828,19927930,750.9,0.40577811,"sell"
1466330828,19927932,751.07,0.327,"buy"
1466330828,19927934,751,0.09422189,"sell"
1466330828,19927936,751.07,0.0265232,"buy"
1466330828,19927938,751.08,0.2274768,"buy"
1466330829,19927942,750.9,0.23897843,"sell"
1466330831,19927950,750.9,0.32739638,"sell"
1466330832,19927958,751.05,0.21998,"buy"
1466330832,19927960,750.9,0.23899175,"sell"
1466330840,19927968,750.9,0.196746,"sell"
1466330841,19927972,751,0.2,"buy"
1466330845,19927974,750.9,0.673,"sell"
1466330845,19927976,750.91,0.327,"sell"
1466330849,19927980,750.9,0.23856157,"sell"
1466330849,19927984,750.9,0.167661,"sell"
1466330850,19927988,750.9,0.23856263,"sell"
1466330850,19927990,750.9,0.08837643,"sell"
1466330852,19927994,750.9,0.23856157,"sell"
1466330853,19928002,750.9,0.23856157,"sell"
1466330854,19928004,750.9,0.167866,"sell"
1466330855,19928016,750.9,0.08837643,"sell"
1466330856,19928022,750.9,0.23856157,"sell"
1466330857,19928026,750.9,0.08853579,"sell"
1466330857,19928032,750.9,0.08837643,"sell"
1466330859,19928034,750.9,0.168072,"sell"
1466330863,19928042,750.9,0.168278,"sell"
1466330866,19928048,750.91,0.297679,"buy"
1466330866,19928050,750.91,0.029321,"buy"
1466330867,19928052,750.9,0.168484,"sell"
1466330867,19928054,750.9,0.23743929,"sell"
1466330870,19928062,750.91,1,"buy"
1466330871,19928064,750.9,0.029356,"sell"
1466330872,19928066,750.9,0.23856157,"sell"
1466330875,19928074,750.9,0.08837643,"sell"
1466330875,19928076,750.9,0.23856263,"sell"
1466330876,19928082,750.9,0.23856157,"sell"
1466330876,19928084,750.9,0.198106,"sell"
1466330877,19928096,750.9,0.23856157,"sell"
1466330878,19928098,750.9,0.08837643,"sell"
1466330879,19928108,750.9,0.23856157,"sell"
1466330879,19928110,750.9,0.08853686,"sell"
1466330879,19928112,750.9,0.0885358,"sell"
1466330880,19928116,750.9,0.0885358,"sell"
1466330880,19928118,750.9,0.198373,"sell"
1466330881,19928124,750.9,0.23856157,"sell"
1466330884,19928144,750.9,0.23856157,"sell"
1466330885,19928148,750.9,0.19864,"sell"
1466330885,19928152,750.9,0.08837643,"sell"
1466330886,19928164,750.9,0.23856157,"sell"
1466330887,19928170,750.9,0.08837643,"sell"
1466330888,19928172,750.9,0.23856157,"sell"
1466330888,19928176,750.9,0.08837643,"sell"
1466330889,19928180,750.9,0.198896,"sell"
1466330889,19928182,750.9,0.23856157,"sell"
1466330890,19928198,750.9,0.08837643,"sell"
1466330892,19928208,750.9,0.23856157,"sell"
1466330893,19928212,750.9,0.08837643,"sell"
1466330893,19928214,750.9,0.03200975,"sell"
1466330893,19928218,750.9,0.16714225,"sell"
1466330893,19928222,750.9,0.23856263,"sell"
1466330894,19928226,750.9,0.23856157,"sell"
1466330895,19928234,750.9,0.23856263,"sell"
1466330896,19928246,750.95,3.81324773,"sell"
1466330898,19928252,750.95,0.167357,"sell"
1466330898,19928258,750.95,0.23897583,"sell"
1466330900,19928264,750.95,0.032046,"sell"
1466330905,19928270,750.95,0.025798,"sell"
1466330906,19928274,750.9,7.9344,"sell"
1466330906,19928276,750.9,4.25230342,"sell"
1466330906,19928278,750.95,4.69937544,"sell"
1466330906,19928280,750.91,1.1839,"sell"
1466330906,19928284,750.6,0.173877,"sell"
1466330909,19928294,750.6,0.025828,"sell"
1466330914,19928302,750.6,0.199882,"sell"
1466330918,19928306,750.6,0.017197,"sell"
1466330919,19928310,750.6,0.025995,"sell"
1466330919,19928312,750.6,0.182864,"sell"
1466330968,19928328,750.7,7.7637,"sell"
1466330968,19928330,750.32,7.23094148,"sell"
1466330968,19928332,750.69,5,"sell"
1466330968,19928334,750.66,3,"sell"
1466330968,19928336,750.58,8.5639,"sell"
1466330968,19928338,750.36,0.01445852,"sell"
1466330968,19928340,750.54,0.427,"sell"
1466330968,19928342,750.6,1,"sell"
1466330974,19928354,750.32,0.08922968,"sell"
1466330975,19928356,750.35,0.23908727,"sell"
1466330983,19928374,750.04,5,"sell"
1466330985,19928382,750.04,0.0173939,"sell"
1466330985,19928386,750.04,0.01739497,"sell"
1466330988,19928392,750.06,0.01739344,"sell"
1466330990,19928398,750.06,0.015316,"sell"
1466330993,19928410,750.06,0.1377638,"sell"
1466330995,19928416,750.58,0.3,"buy"
1466331003,19928422,750.54,0.0328037,"buy"
1466331009,19928424,750.3,5,"sell"
1466331017,19928436,750.29,0.428,"buy"
1466331029,19928442,750.26,0.23876504,"sell"
1466331030,19928464,750.26,0.23876614,"sell"
1466331031,19928466,750.26,0.06306814,"sell"
1466331031,19928470,750.26,0.18620667,"sell"
1466331033,19928474,750.26,0.23876506,"sell"
1466331033,19928478,750.27,0.01181244,"buy"
1466331034,19928482,750.26,0.23876614,"sell"
1466331034,19928488,750.26,0.23876614,"sell"
1466331035,19928494,750.26,0.23876614,"sell"
1466331036,19928498,750.26,0.23876614,"sell"
1466331037,19928512,750.26,0.07936439,"sell"
1466331039,19928524,750.26,0.23876506,"buy"
1466331039,19928526,750.29,0.23875549,"buy"
1466331039,19928528,750.3,2.45414769,"sell"
1466331039,19928534,750.17,0.06,"sell"
1466331047,19928570,750.12,0.01791846,"sell"
1466331049,19928578,750.22,0.23877779,"buy"
1466331049,19928580,750.26,0.76122221,"sell"
1466331055,19928592,750.12,0.012173,"sell"
1466331055,19928594,750.2,0.01,"buy"
1466331059,19928620,750.12,0.23861045,"sell"
1466331060,19928630,750.1,0.23861683,"sell"
1466331061,19928634,750.12,0.471072,"buy"
1466331061,19928640,750.1,0.23861045,"sell"
1466331062,19928648,750.1,0.1641801,"sell"
1466331064,19928662,750.1,0.23861682,"sell"
1466331064,19928670,750.1,0.23924663,"sell"
1466331066,19928688,750.1,1.205058,"sell"
1466331066,19928692,750.1,0.23861682,"sell"
1466331068,19928698,750.1,0.23881599,"sell"
1466331069,19928704,750.1,0.08847069,"sell"
1466331070,19928708,750.1,0.23881599,"sell"
1466331070,19928712,750.1,0.23881707,"sell"
1466331072,19928718,750.1,0.23881599,"sell"
1466331073,19928726,750.1,0.08847069,"sell"
1466331073,19928728,750.1,0.08863023,"sell"
1466331075,19928740,750.1,0.23881599,"sell"
1466331077,19928750,750.1,0.23881599,"sell"
1466331078,19928754,750.1,0.08847069,"sell"
1466331079,19928762,750.11,0.23881707,"sell"
1466331079,19928770,750.11,0.23881599,"sell"
1466331089,19928796,750.18,2.27284541,"buy"
1466331089,19928798,750.19,0.23878841,"buy"
1466331089,19928800,750.19,0.688219,"buy"
1466331089,19928804,750.22,0.02659217,"sell"
1466331090,19928808,750.22,0.06198643,"sell"
1466331090,19928812,750.22,0.21219199,"sell"
1466331090,19928816,750.22,0.2387916,"sell"
1466331090,19928820,750.22,0.02664367,"sell"
1466331091,19928824,750.22,0.03527478,"sell"
1466331093,19928840,750.22,0.11408254,"sell"
1466331094,19928856,750.17,0.23956838,"sell"
1466331096,19928868,750.17,0.23879371,"sell"
1466331101,19928886,750.17,0.010415,"sell"
1466331102,19928890,750.22,0.1,"buy"
1466331106,19928892,750.18,0.23879053,"sell"
1466331107,19928894,750.19,2.27284541,"buy"
1466331108,19928896,750.26,0.08846126,"sell"
1466331113,19928906,750.18,0.18920947,"sell"
1466331113,19928908,750.01,1.0068,"sell"
1466331113,19928910,750.03,20,"sell"
1466331113,19928912,750.04,8.0027,"sell"
1466331113,19928914,750.26,2.63869333,"sell"
1466331113,19928916,750,1,"sell"
1466331113,19928918,750,0.01,"sell"
1466331113,19928920,750.11,1.52236694,"sell"
1466331113,19928922,749.99,5.43023026,"sell"
1466331113,19928924,750,0.2,"sell"
1466331115,19928926,749.93,0.018224,"sell"
1466331123,19928940,750.04,0.1856033,"sell"
1466331124,19928942,750.04,0.05361949,"sell"
1466331132,19928950,750.06,0.20419041,"sell"
1466331145,19928958,750.07,0.05844369,"sell"
1466331148,19928976,750.07,0.04605631,"sell"
1466331149,19928982,750.06,0.05844369,"sell"
1466331150,19928988,750.06,0.13210321,"sell"
1466331153,19928994,750.08,0.1,"buy"
1466331153,19928996,750.07,0.23882554,"sell"
1466331154,19929006,750.07,0.08847423,"sell"
1466331155,19929010,750.07,0.012152,"sell"
1466331155,19929014,750.07,0.23882554,"sell"
1466331156,19929018,750.07,0.08847423,"sell"
1466331160,19929028,750.07,0.23882555,"sell"
1466331161,19929032,750.07,0.08847422,"sell"
1466331163,19929038,750.07,0.23882555,"sell"
1466331164,19929046,750.07,0.23882553,"sell"
1466331164,19929052,750.07,0.08863483,"sell"
1466331166,19929062,750.07,0.23882553,"sell"
1466331167,19929068,750.07,0.08847424,"sell"
1466331168,19929072,750.07,0.23882555,"sell"
1466331168,19929076,750.2,0.01802892,"buy"
1466331168,19929078,750.09,0.60193764,"buy"
1466331168,19929080,750.5,0.5,"buy"
1466331168,19929082,750.52,0.23868234,"buy"
1466331168,19929084,751.01,0.19977754,"buy"
1466331168,19929086,750.71,0.23884256,"buy"
1466331189,19929106,750.26,0.018226,"sell"
1466331198,19929112,750.26,0.018236,"sell"
1466331205,19929120,750.26,0.063538,"sell"
1466331205,19929124,750.07,0.018249,"sell"
1466331206,19929128,750.28,0.19662374,"sell"
1466331207,19929136,750.03,0.327,"sell"
1466331207,19929138,750.06,0.60526269,"sell"
1466331207,19929140,750.04,8.6642,"sell"
1466331207,19929142,749.46,7.6957,"sell"
1466331207,19929144,750.28,2.37517626,"sell"
1466331207,19929146,749.75,9.1082,"sell"
1466331207,19929148,750.07,2.36528846,"sell"
1466331207,19929150,749.43,6.68,"sell"
1466331207,19929152,749.12,1,"sell"
1466331207,19929154,749.42,15.9178,"sell"
1466331207,19929156,749.17,9.0869,"sell"
1466331207,19929158,749.41,9.8514,"sell"
1466331207,19929160,749.45,7.26,"sell"
1466331207,19929162,749,0.01,"sell"
1466331207,19929164,748.86,10.386,"sell"
1466331207,19929166,749,0.01,"sell"
1466331207,19929168,748.61,0.619,"sell"
1466331207,19929170,748.6,10.04,"sell"
1466331207,19929172,748.65,5,"sell"
1466331207,19929174,748.32,4.39990222,"sell"
1466331207,19929176,748.49,8.2,"sell"
1466331207,19929178,748.26,0.1,"sell"
1466331207,19929180,748.25,10.2831,"sell"
1466331207,19929182,748.02,1.6,"sell"
1466331207,19929184,748,9.9996,"sell"
1466331207,19929186,748,0.1,"sell"
1466331207,19929188,748,0.01,"sell"
1466331207,19929190,747.72,9.5705,"sell"
1466331207,19929192,747.98,9.5843,"sell"
1466331207,19929194,747.39,9.7949,"sell"
1466331207,19929196,747.48,1,"sell"
1466331207,19929198,747.28,10.19,"sell"
1466331207,19929200,747.14,0.51317965,"sell"
1466331207,19929202,747.11,2.4,"sell"
1466331207,19929204,747,2,"sell"
1466331207,19929206,747.12,1,"sell"
1466331207,19929208,747,0.281,"sell"
1466331207,19929210,746.77,5.04,"sell"
1466331207,19929212,747.1,5,"sell"
1466331207,19929214,747,0.01,"sell"
1466331207,19929216,746.77,0.56,"sell"
1466331207,19929218,746.79,1.5,"sell"
1466331207,19929220,746.76,11.0474,"sell"
1466331207,19929222,746.48,13,"sell"
1466331207,19929224,746.53,0.02,"sell"
1466331207,19929226,746.5,0.111,"sell"
1466331207,19929228,746.47,75.68319072,"sell"
1466331212,19929230,749.63,0.428,"buy"
1466331212,19929232,749.47,0.05,"sell"
1466331213,19929234,749.47,0.77821463,"sell"
1466331217,19929236,749.6,0.01,"buy"
1466331219,19929238,749.39,0.5,"buy"
1466331219,19929240,749.39,1.259298,"buy"
1466331223,19929258,748.72,0.2396876,"sell"
1466331224,19929260,749.37,0.497,"buy"
1466331228,19929262,749.21,0.5,"sell"
1466331228,19929264,749.21,0.45545,"sell"
1466331236,19929266,749.27,0.01,"buy"
1466331244,19929268,749.21,0.139131,"sell"
1466331244,19929270,749.22,0.428,"sell"
1466331245,19929272,749.2,0.12908,"buy"
1466331248,19929278,749.18,0.327,"buy"
1466331249,19929280,749.17,0.35,"buy"
1466331254,19929286,748.79,0.0230459,"sell"
1466331255,19929292,748.79,0.06542379,"sell"
1466331261,19929294,749.12,1.11003798,"buy"
1466331261,19929296,749.49,2.5,"buy"
1466331261,19929298,749.11,27.29273579,"buy"
1466331261,19929300,750.15,5.35369199,"buy"
1466331261,19929302,749.88,8.7578,"buy"
1466331261,19929304,749.2,1.803789,"buy"
1466331261,19929306,749.15,0.02,"buy"
1466331266,19929312,749.01,0.01846319,"sell"
1466331269,19929322,749.01,0.01846319,"sell"
1466331269,19929324,749.01,0.01846319,"sell"
1466331269,19929326,749.01,0.01846319,"sell"
1466331272,19929330,749.11,1,"buy"
1466331279,19929332,750.12,0.15,"buy"
1466331285,19929352,749.11,0.177287,"sell"
1466331285,19929354,749.09,0.06164682,"sell"
1466331285,19929362,749.1,0.22074064,"sell"
1466331287,19929368,749.1,0.22074064,"sell"
1466331289,19929374,749.09,0.69194428,"sell"
1466331289,19929376,749.1,0.08785772,"sell"
1466331297,19929402,749.09,0.23927426,"sell"
1466331300,19929422,749.09,0.16266494,"sell"
1466331301,19929424,749.09,0.0427785,"sell"
1466331301,19929426,749.09,0.0427785,"sell"
1466331301,19929428,749.09,0.119964,"sell"
1466331304,19929442,749.09,0.04270093,"sell"
1466331304,19929444,749.1,0.49820084,"buy"
1466331304,19929446,749.1,0.08785772,"buy"
1466331306,19929452,749.26,0.04270093,"sell"
1466331310,19929462,749.86,0.168647,"buy"
1466331319,19929470,749.83,0.07229604,"buy"
1466331319,19929472,749.82,0.22360696,"buy"
1466331348,19929502,749.29,0.15442293,"sell"
1466331373,19929514,750.08,0.15224536,"buy"
1466331374,19929526,750.08,0.04775464,"sell"
1466331393,19929550,749.7,0.01182971,"buy"
1466331401,19929560,749.68,0.0675769,"sell"
1466331403,19929574,749.68,0.0693152,"sell"
1466331404,19929582,749.68,0.06769894,"sell"
1466331408,19929604,749.68,0.06769894,"sell"
1466331425,19929628,749.71,1,"buy"
1466331455,19929670,750.08,0.15425823,"sell"
1466331460,19929692,750.08,0.03625071,"sell"
1466331464,19929698,750.08,0.04375975,"sell"
1466331467,19929704,750.08,0.03625178,"sell"
1466331469,19929708,750.08,0.04376083,"sell"
1466331476,19929730,750.07,0.02477903,"sell"
1466331476,19929732,750.08,0.0857187,"sell"
1466331479,19929738,750.07,0.02874274,"sell"
1466331483,19929740,750.09,0.19641372,"buy"
1466331501,19929746,749.69,0.02227488,"sell"
1466331503,19929754,749.69,0.07363141,"sell"
1466331503,19929760,749.76,0.01879038,"sell"
1466331508,19929770,749.76,0.04120962,"sell"
1466331508,19929774,749.69,0.11312501,"sell"
1466331511,19929776,749.69,0.15433463,"sell"
1466331511,19929778,749.69,0.673,"sell"
1466331511,19929780,749.7,0.327,"sell"
1466331512,19929782,749.69,0.19078886,"sell"
1466331512,19929784,749.69,0.80921114,"sell"
1466331528,19929866,749.36,0.02393994,"buy"
1466331555,19929880,749.36,0.05,"buy"
1466331564,19929882,749.35,0.022477,"sell"
1466331580,19929884,749.36,0.11287497,"buy"
1466331593,19929928,749.35,0.01736628,"sell"
1466331597,19929932,749.36,0.02,"buy"
1466331627,19929984,749.35,0.01736628,"sell"
1466331628,19929988,749.35,0.04979044,"sell"
1466331628,19929990,749.35,0.01122823,"sell"
1466331628,19929992,749.35,0.66122823,"sell"
1466331628,19929994,749.35,0.33877177,"sell"
1466331639,19930004,749.35,0.19725277,"sell"
1466331641,19930008,749.34,0.327,"sell"
1466331643,19930010,749.33,0.427,"sell"
1466331644,19930012,749.33,0.01,"buy"
1466331644,19930014,749.2,0.322,"sell"
1466331647,19930028,749.12,0.12656684,"sell"
1466331655,19930038,749.13,0.030821,"sell"
1466331660,19930044,749.13,0.015028,"sell"
1466331671,19930048,749.13,0.29433934,"sell"
1466331672,19930050,749.11,0.428,"sell"
1466331673,19930052,749.08,0.01,"sell"
1466331673,19930054,749.08,0.31383255,"buy"
1466331674,19930056,749.07,0.31383255,"buy"
1466331676,19930058,749.01,0.01133,"sell"
1466331676,19930060,749.02,0.31383255,"sell"
1466331679,19930062,749,0.31383255,"sell"
1466331679,19930064,749,0.01,"sell"
1466331679,19930066,749,0.01,"sell"
1466331693,19930072,748.88,0.428,"sell"
1466331706,19930090,748.85,0.25,"sell"
1466331712,19930110,748.85,0.01911592,"sell"
1466331722,19930120,748.79,0.01760235,"sell"
1466331722,19930122,748.79,0.01760235,"sell"
1466331730,19930160,748.79,0.23991388,"sell"
1466331742,19930210,748.8,0.0191172,"sell"
1466331849,19930302,749.1,4.673,"sell"
1466331849,19930304,749.11,0.327,"sell"
1466331874,19930322,749.5,0.1,"sell"
1466331892,19930344,749.5,0.23689576,"sell"
1466331893,19930346,749.5,0.23689576,"sell"
1466331894,19930368,749.5,0.361583,"sell"
1466331895,19930382,749.8,0.013807,"sell"
1466331895,19930384,749.8,0.03579541,"sell"
1466331896,19930386,749.8,0.41104908,"sell"
1466331901,19930398,749.8,0.2744315,"sell"
1466331927,19930416,749.89,0.03579541,"buy"
1466331927,19930418,749.9,0.96420459,"buy"
1466331929,19930460,749.88,0.038022,"sell"
1466331929,19930462,749.88,0.13751897,"sell"
1466331930,19930472,749.88,0.366151,"sell"
1466331933,19930478,749.9,0.01576586,"buy"
1466331940,19930492,749.89,0.01035214,"sell"
1466331942,19930502,749.89,0.01786867,"sell"
1466331943,19930506,749.89,0.012081,"sell"
1466331945,19930530,749.89,0.01786867,"sell"
1466331954,19930542,749.9,0.498784,"buy"
1466331969,19930622,749.9,0.13785352,"buy"
1466331992,19930630,749.81,0.1,"sell"
1466331999,19930656,749.91,2,"buy"
1466331999,19930658,749.9,0.88339203,"buy"
1466331999,19930660,749.89,0.1,"buy"
1466332052,19930688,750.06,0.61420656,"buy"
1466332052,19930690,750.09,0.0421126,"buy"
1466332052,19930696,750.06,0.48579344,"buy"
1466332052,19930698,750.09,0.2385263,"buy"
1466332055,19930706,750.11,0.01637428,"buy"
1466332055,19930708,750.11,0.23725688,"buy"
1466332055,19930710,750.11,0.12553621,"buy"
1466332058,19930714,750.07,0.15,"sell"
1466332061,19930720,750.11,0.01056419,"buy"
1466332062,19930746,750.11,0.01056105,"buy"
1466332062,19930754,750.11,0.23667363,"buy"
1466332063,19930758,750.11,0.0318992,"buy"
1466332065,19930762,750.11,0.1,"buy"
1466332079,19930774,750.11,0.2361245,"buy"
1466332095,19930814,750.11,0.1,"buy"
1466332096,19930842,750.11,0.0201058,"buy"
1466332096,19930844,750.11,0.21602242,"buy"
1466332097,19930846,750.11,0.01053655,"buy"
1466332097,19930848,750.11,0.23612822,"buy"
1466332099,19930852,750.11,0.01053655,"buy"
1466332106,19930876,750.11,0.23612822,"buy"
1466332114,19930888,750.11,0.12886949,"buy"
1466332114,19930890,750.11,0.12892112,"buy"
1466332115,19930892,750.11,0.28230165,"buy"
1466332115,19930896,750.11,0.23596486,"buy"
1466332117,19930910,750.11,0.12886949,"buy"
1466332122,19930914,750.11,0.0322737,"buy"
1466332143,19930922,750.07,0.05204064,"sell"
1466332147,19930926,750.07,0.02477686,"sell"
1466332162,19930944,750.11,0.01830023,"buy"
1466332163,19930950,750.11,0.01830023,"buy"
1466332164,19930952,750.11,0.19175153,"buy"
1466332164,19930954,750.14,0.04391507,"buy"
1466332177,19930958,750.21,0.125,"buy"
1466332177,19930960,750.14,0.04061682,"buy"
1466332177,19930962,750.68,0.83438318,"buy"
1466332180,19930964,750.66,0.461955,"buy"
1466332302,19931050,750.66,0.2,"buy"
1466332339,19931074,750.06,0.04194741,"sell"
1466332341,19931082,750.06,0.06,"sell"
1466332342,19931084,750.06,0.084848,"sell"
1466332344,19931086,750.42,0.1120307,"buy"
1466332344,19931088,750.34,0.5,"buy"
1466332345,19931092,750.06,0.23374148,"sell"
1466332352,19931096,750.06,0.23375748,"sell"
1466332354,19931102,750.06,0.18759699,"sell"
1466332354,19931106,750.06,0.04544772,"sell"
1466332359,19931114,750,0.23375748,"sell"
1466332360,19931120,750,0.2337793,"sell"
1466332365,19931128,750.02,0.23375395,"sell"
1466332378,19931132,750.19,0.23370098,"sell"
1466332384,19931138,750.12,0.23372278,"sell"
1466332394,19931148,750.12,0.18049634,"sell"
1466332395,19931150,750.12,5.288e-05,"sell"
1466332397,19931154,749.99,0.02613294,"sell"
1466332423,19931190,750,0.23370496,"sell"
1466332444,19931202,750.02,0.05255261,"buy"
1466332446,19931204,750,0.085398,"sell"
1466332464,19931220,750,0.23301526,"sell"
1466332467,19931224,750,0.01664062,"sell"
1466332471,19931236,749.99,0.23301526,"sell"
1466332472,19931244,749.99,0.22962046,"sell"
1466332474,19931254,749.99,0.23302464,"sell"
1466332476,19931262,749.99,0.234991,"sell"
1466332478,19931290,749.99,0.35982367,"sell"
1466332478,19931292,749.99,1.33755733,"sell"
1466332480,19931308,749.99,0.23187026,"sell"
1466332480,19931310,749.99,0.23194559,"sell"
1466332481,19931318,749.99,0.02175634,"sell"
1466332481,19931320,749.99,0.23194559,"sell"
1466332483,19931322,749.99,0.03382152,"sell"
1466332484,19931326,749.99,0.23187026,"sell"
1466332486,19931332,750,0.4996,"buy"
1466332491,19931342,749.99,0.03483076,"sell"
1466332492,19931350,749.99,0.17214134,"sell"
1466332494,19931358,749.99,0.06323085,"sell"
1466332495,19931364,749.99,0.12176659,"sell"
1466332501,19931376,749.99,0.575,"sell"
1466332502,19931378,749.99,0.03,"sell"
1466332506,19931396,749.99,0.23189046,"sell"
1466332508,19931416,749.99,0.23249495,"sell"
1466332509,19931424,749.99,0.23249495,"sell"
1466332520,19931476,749.99,0.98538321,"sell"
1466332520,19931478,749.7,0.01461679,"sell"
1466332529,19931496,749.71,0.024523,"buy"
1466332529,19931500,749.71,0.20718561,"sell"
1466332529,19931502,749.63,0.001791,"sell"
1466332529,19931504,749.7,0.11038321,"sell"
1466332535,19931516,749.72,0.020381,"buy"
1466332535,19931518,749.99,0.15464374,"buy"
1466332535,19931520,750,0.47388675,"buy"
1466332537,19931522,749.52,0.23263663,"sell"
1466332546,19931526,749.99,0.15464374,"buy"
1466332547,19931528,749.99,0.06930065,"sell"
1466332563,19931554,750,0.01970475,"buy"
1466332594,19931610,750,2.5,"buy"
1466332593,19931612,750,0.02385646,"buy"
1466332608,19931650,750,0.2,"buy"
1466332633,19931726,749.99,0.02184846,"sell"
1466332634,19931746,750,7.3,"buy"
1466332642,19931748,749.99,0.22994105,"sell"
1466332642,19931750,749.99,0.010947,"sell"
1466332642,19931768,749.99,0.0166936,"sell"
1466332642,19931770,749.99,0.028434,"sell"
1466332644,19931786,749.99,0.321308,"sell"
1466332660,19931826,749.99,0.03378378,"sell"
1466332662,19931834,749.99,0.010006,"sell"
1466332663,19931852,749.99,1.10862251,"sell"
1466332663,19931856,749.99,0.22883868,"sell"
1466332663,19931860,749.99,0.22925133,"sell"
1466332664,19931862,749.99,0.02263514,"sell"
1466332665,19931870,749.99,0.01001116,"sell"
1466332681,19931904,749.99,2.5037349,"sell"
1466332681,19931906,749.99,0.4962651,"sell"
1466332693,19931910,750,5,"buy"
1466332711,19931918,750,0.178134,"buy"
1466332713,19931920,750,1,"buy"
1466332743,19931992,750,0.06389491,"buy"
1466332753,19932002,749.99,0.061819,"sell"
1466332758,19932006,750,0.2,"buy"
1466332776,19932014,750,4,"buy"
1466332779,19932018,749.99,0.059451,"sell"
1466332821,19932066,749.99,0.22951172,"sell"
1466332835,19932072,749.99,0.245,"sell"
1466332836,19932078,750,0.4,"buy"
1466332836,19932080,749.99,0.22952743,"sell"
1466332840,19932084,749.99,0.2,"sell"
1466332846,19932086,749.99,0.19921617,"sell"
1466332848,19932106,749.99,0.19921617,"sell"
1466332849,19932110,749.99,0.19921617,"sell"
1466332850,19932112,750,0.01,"buy"
1466332856,19932128,750,0.01,"buy"
1466332857,19932130,750,3.5,"buy"
1466332859,19932142,749.99,0.02720961,"sell"
1466332859,19932146,749.99,0.02720961,"sell"
1466332861,19932148,750,0.01,"buy"
1466332862,19932150,750,0.05,"buy"
1466332864,19932152,750,0.29498851,"buy"
1466332877,19932162,750,0.01,"buy"
1466332882,19932184,749.99,0.571651,"sell"
1466332882,19932186,749.99,1.1,"sell"
1466332882,19932190,749.99,0.02016737,"sell"
1466332882,19932192,749.99,0.2,"sell"
1466332883,19932198,749.99,0.31900054,"sell"
1466332885,19932202,749.99,0.01001553,"sell"
1466332904,19932244,749.99,0.15793213,"sell"
1466332925,19932266,749.99,0.04054068,"sell"
1466332947,19932294,749.99,0.23192025,"sell"
1466332949,19932300,749.99,0.22961103,"sell"
1466332951,19932302,749.99,0.2,"sell"
1466332965,19932314,750,0.199556,"buy"
1466332982,19932326,749.99,0.27,"sell"
1466333003,19932356,749.99,0.2,"sell"
1466333010,19932360,749.99,0.02814436,"sell"
1466333015,19932370,749.99,0.2,"sell"
1466333028,19932400,749.99,0.06784508,"sell"
1466333034,19932420,749.99,0.23300623,"sell"
1466333053,19932484,749.99,0.2,"sell"
1466333054,19932486,750,0.21,"buy"
1466333128,19932606,749.99,0.26788,"sell"
1466333139,19932612,750,0.03,"buy"
1466333163,19932614,750,0.02101806,"buy"
1466333176,19932622,750,0.0528,"buy"
1466333214,19932626,750,0.239005,"buy"
1466333245,19932650,749.99,0.26788,"sell"
1466333299,19932674,749.99,0.08502073,"sell"
1466333301,19932688,749.99,0.071551,"sell"
1466333301,19932692,749.99,0.08502073,"sell"
1466333302,19932708,749.99,0.07144365,"sell"
1466333303,19932714,749.99,0.019464,"sell"
1466333343,19932778,750,0.29498851,"buy"
1466333373,19932780,749.99,0.29402557,"sell"
1466333384,19932782,749.99,0.09,"sell"
1466333391,19932784,749.99,0.0258,"sell"
1466333396,19932786,749.99,0.01,"sell"
